GROUP,PACKAGE,CLASS,INSTRUCTION_MISSED,INSTRUCTION_COVERED,BRANCH_MISSED,BRANCH_COVERED,LINE_MISSED,LINE_COVERED,COMPLEXITY_MISSED,COMPLEXITY_COVERED,METHOD_MISSED,METHOD_COVERED
Project-1,default,Main,8,0,0,0,3,0,2,0,2,0
Project-1,servies,SendOTPService.new Authenticator() {...},13,0,0,0,2,0,2,0,2,0
Project-1,servies,SentScoreSelf,91,0,0,0,25,0,1,0,1,0
Project-1,servies,UserServices,3,31,0,4,1,12,1,3,1,1
Project-1,servies,SentScoreSelf.new Authenticator() {...},16,0,0,0,2,0,2,0,2,0
Project-1,servies,SendOTPService,80,0,0,0,22,0,2,0,2,0
Project-1,servies,GenerateOTP,19,0,0,0,3,0,2,0,2,0
Project-1,dao,UserDAO,248,0,22,0,61,0,18,0,7,0
Project-1,dao,ScoreGUI,184,0,2,0,40,0,4,0,3,0
Project-1,dao,UserDetailsGUI.new ActionListener() {...},36,0,2,0,9,0,3,0,2,0
Project-1,dao,UserDetailsGUI.new ActionListener() {...},12,0,0,0,4,0,2,0,2,0
Project-1,dao,LanguageScoreGUI,163,0,2,0,46,0,6,0,5,0
Project-1,dao,AdminDAO,53,0,4,0,19,0,5,0,3,0
Project-1,dao,AccoutDetailOFParticularUser.new ActionListener() {...},19,0,0,0,4,0,2,0,2,0
Project-1,dao,AccoutDetailOFParticularUser,154,0,2,0,36,0,3,0,2,0
Project-1,dao,UserDetailsGUI,180,0,2,0,46,0,3,0,2,0
Project-1,dao,ScoreGUI.new ActionListener() {...},32,0,2,0,10,0,3,0,2,0
Project-1,dao,ScoreGUI.new Runnable() {...},9,0,0,0,3,0,2,0,2,0
Project-1,dao,ScoreGUI.new ActionListener() {...},22,0,0,0,7,0,2,0,2,0
Project-1,Excel_sheet,CreateExcel,249,0,6,0,54,0,6,0,3,0
Project-1,Excel_sheet,ExcelDAO,79,0,4,0,18,0,4,0,2,0
Project-1,Excel_sheet,CreateExcel.new ActionListener() {...},22,0,0,0,7,0,2,0,2,0
Project-1,Excel_sheet,CreateExcel.new ActionListener() {...},10,0,0,0,3,0,2,0,2,0
Project-1,Excel_sheet,CreateExcel.new Runnable() {...},8,0,0,0,3,0,2,0,2,0
Project-1,Excel_sheet,CreateExcel.new ActionListener() {...},9,0,0,0,3,0,2,0,2,0
Project-1,model,UserScore,44,0,0,0,18,0,9,0,9,0
Project-1,model,User,26,10,0,0,11,5,5,3,5,3
Project-1,Home,Home.new ActionListener() {...},23,0,0,0,8,0,2,0,2,0
Project-1,Home,Home.new ActionListener() {...},17,0,0,0,5,0,2,0,2,0
Project-1,Home,Home.new ActionListener() {...},12,0,0,0,4,0,2,0,2,0
Project-1,Home,Home.new ActionListener() {...},16,0,0,0,5,0,2,0,2,0
Project-1,Home,Home.new Runnable() {...},8,0,0,0,3,0,2,0,2,0
Project-1,Home,Home,206,0,2,0,54,0,6,0,5,0
Project-1,Home,Home.new JButton() {...},76,0,2,0,15,0,3,0,2,0
Project-1,AdminViews,AboutUser.new ActionListener() {...},20,0,0,0,7,0,2,0,2,0
Project-1,AdminViews,AboutUser.new ActionListener() {...},21,0,0,0,7,0,2,0,2,0
Project-1,AdminViews,AboutUser.new ActionListener() {...},12,0,0,0,4,0,2,0,2,0
Project-1,AdminViews,AboutUser.new ActionListener() {...},19,0,0,0,5,0,2,0,2,0
Project-1,AdminViews,AboutUser.new ActionListener() {...},15,0,0,0,4,0,2,0,2,0
Project-1,AdminViews,AboutUser.new ActionListener() {...},14,0,0,0,4,0,2,0,2,0
Project-1,AdminViews,AboutAdmin.new ActionListener() {...},21,0,0,0,7,0,2,0,2,0
Project-1,AdminViews,AboutAdmin.new ActionListener() {...},12,0,0,0,4,0,2,0,2,0
Project-1,AdminViews,AboutAdmin.new ActionListener() {...},14,0,0,0,4,0,2,0,2,0
Project-1,AdminViews,AboutAdmin.new ActionListener() {...},14,0,0,0,4,0,2,0,2,0
Project-1,AdminViews,AView1.new ActionListener() {...},21,0,0,0,7,0,2,0,2,0
Project-1,AdminViews,AView1.new ActionListener() {...},22,0,0,0,7,0,2,0,2,0
Project-1,AdminViews,AView1.new ActionListener() {...},12,0,0,0,4,0,2,0,2,0
Project-1,AdminViews,DeleteAdmin,247,0,10,0,61,0,9,0,4,0
Project-1,AdminViews,AboutUser,124,0,0,0,29,0,2,0,2,0
Project-1,AdminViews,AddQuestionGUI,144,0,8,0,35,0,7,0,3,0
Project-1,AdminViews,AView1,109,0,0,0,27,0,2,0,2,0
Project-1,AdminViews,Back,21,0,4,0,6,0,3,0,1,0
Project-1,AdminViews,AddNewAdmin,330,0,10,0,83,0,9,0,4,0
Project-1,AdminViews,AboutAdmin.new ActionListener() {...},18,0,0,0,7,0,2,0,2,0
Project-1,AdminViews,AboutAdmin,156,0,0,0,38,0,2,0,2,0
Project-1,AdminViews,AddQuestion,253,0,6,0,64,0,6,0,3,0
Project-1,views,LanguageScreen,160,0,7,0,47,0,8,0,3,0
Project-1,views,Quiz,293,0,16,0,69,0,12,0,4,0
Project-1,views,LoginView,131,0,4,0,41,0,8,0,5,0
Project-1,views,Quiz.new ActionListener() {...},36,0,2,0,9,0,3,0,2,0
Project-1,views,View2.new ActionListener() {...},12,0,0,0,4,0,2,0,2,0
Project-1,views,View2.new ActionListener() {...},20,0,0,0,4,0,2,0,2,0
Project-1,views,View2.new ActionListener() {...},23,0,0,0,4,0,2,0,2,0
Project-1,views,View2.new ActionListener() {...},20,0,0,0,4,0,2,0,2,0
Project-1,views,View2.new ActionListener() {...},20,0,0,0,4,0,2,0,2,0
Project-1,views,Welcome,478,0,0,0,108,0,6,0,6,0
Project-1,views,Welcome.new ActionListener() {...},9,0,0,0,3,0,2,0,2,0
Project-1,views,Welcome.new ActionListener() {...},92,0,6,0,21,0,5,0,2,0
Project-1,views,Welcome.new ActionListener() {...},91,0,6,0,23,0,5,0,2,0
Project-1,views,QuizNameScreen,141,0,10,0,36,0,9,0,4,0
Project-1,views,View2,125,0,0,0,27,0,1,0,1,0
Project-1,views,Welcome.new ActionListener() {...},23,0,0,0,6,0,2,0,2,0
Project-1,views,Welcome.new ActionListener() {...},26,0,0,0,9,0,2,0,2,0
Project-1,Detail,GetDetail,139,0,6,0,32,0,7,0,4,0
Project-1,Detail,accountDetail,187,0,11,0,49,0,13,0,6,0
Project-1,db,Myconnection,37,0,2,0,17,0,5,0,4,0
